"gene_id","gene_name"
"ENSG00000223972.5","DDX11L1"
"ENSG00000227232.5","WASH7P"
"ENSG00000278267.1","MIR6859-1"
"ENSG00000243485.5","MIR1302-2HG"
"ENSG00000237613.2","FAM138A"
"ENSG00000268020.3","OR4G4P"
"ENSG00000240361.1","OR4G11P"
"ENSG00000186092.4","OR4F5"
"ENSG00000238009.6","RP11-34P13.7"
"ENSG00000233750.3","CICP27"
"ENSG00000268903.1","RP11-34P13.15"
"ENSG00000269981.1","RP11-34P13.16"
"ENSG00000239906.1","RP11-34P13.14"
"ENSG00000241860.6","RP11-34P13.13"
"ENSG00000222623.1","RNU6-1100P"
"ENSG00000241599.1","RP11-34P13.9"
"ENSG00000279928.2","ABC7-43046700E7.1"
"ENSG00000279457.4","RP11-34P13.18"
"ENSG00000273874.1","MIR6859-2"
"ENSG00000228463.9","AP006222.2"
"ENSG00000236679.2","RPL23AP24"
"ENSG00000236743.1","RP5-857K21.15"
"ENSG00000236601.2","RP4-669L17.2"
"ENSG00000237094.11","RP4-669L17.10"
"ENSG00000269732.1","WBP1LP7"
"ENSG00000278566.1","OR4F29"
"ENSG00000233653.3","CICP7"
"ENSG00000250575.1","RP4-669L17.8"
"ENSG00000278757.1","U6"
"ENSG00000230021.8","RP5-857K21.4"
"ENSG00000235146.2","RP5-857K21.2"
"ENSG00000225972.1","MTND1P23"
"ENSG00000225630.1","MTND2P28"
"ENSG00000237973.1","MTCO1P12"
"ENSG00000229344.1","MTCO2P12"
"ENSG00000240409.1","MTATP8P1"
"ENSG00000248527.1","MTATP6P1"
"ENSG00000198744.5","MTCO3P12"
"ENSG00000268663.1","WBP1LP6"
"ENSG00000273547.1","OR4F16"
"ENSG00000283574.1","RP11-206L10.17"
"ENSG00000229376.3","CICP3"
"ENSG00000228327.3","RP11-206L10.2"
"ENSG00000223181.1","RNU6-1199P"
"ENSG00000229905.1","RP11-206L10.4"
"ENSG00000237491.8","RP11-206L10.9"
"ENSG00000230092.7","RP11-206L10.8"
"ENSG00000177757.2","FAM87B"
"ENSG00000228794.8","LINC01128"
"ENSG00000225880.5","LINC00115"
"ENSG00000230368.2","FAM41C"
"ENSG00000234711.1","TUBB8P11"
"ENSG00000283040.1","FAM166AP3"
"ENSG00000272438.1","RP11-54O7.16"
"ENSG00000230699.2","RP11-54O7.1"
"ENSG00000241180.1","RP11-54O7.2"
"ENSG00000223764.2","RP11-54O7.3"
"ENSG00000187634.11","SAMD11"
"ENSG00000188976.10","NOC2L"
"ENSG00000187961.13","KLHL17"
"ENSG00000187583.10","PLEKHN1"
"ENSG00000187642.9","PERM1"
"ENSG00000272512.1","RP11-54O7.17"
"ENSG00000188290.10","HES4"
"ENSG00000187608.8","ISG15"
"ENSG00000231702.2","RP11-54O7.10"
"ENSG00000224969.1","RP11-54O7.11"
"ENSG00000188157.14","AGRN"
"ENSG00000217801.9","RP11-465B22.3"
"ENSG00000273443.1","RP11-54O7.18"
"ENSG00000237330.2","RNF223"
"ENSG00000131591.17","C1orf159"
"ENSG00000223823.1","LINC01342"
"ENSG00000207730.3","MIR200B"
"ENSG00000207607.3","MIR200A"
"ENSG00000198976.1","MIR429"
"ENSG00000272141.1","RP11-465B22.8"
"ENSG00000205231.1","TTLL10-AS1"
"ENSG00000162571.13","TTLL10"
"ENSG00000186891.13","TNFRSF18"
"ENSG00000186827.10","TNFRSF4"
"ENSG00000078808.16","SDF4"
"ENSG00000176022.4","B3GALT6"
"ENSG00000184163.3","C1QTNF12"
"ENSG00000260179.1","RP5-902P8.12"
"ENSG00000160087.20","UBE2J2"
"ENSG00000230415.1","LINC01786"
"ENSG00000162572.20","SCNN1D"
"ENSG00000131584.18","ACAP3"
"ENSG00000278073.1","MIR6726"
"ENSG00000169972.11","PUSL1"
"ENSG00000127054.20","INTS11"
"ENSG00000283712.1","MIR6727"
"ENSG00000240731.1","RP5-890O3.9"
"ENSG00000224051.6","CPTP"
"ENSG00000169962.4","TAS1R3"
"ENSG00000107404.19","DVL1"
"ENSG00000284372.1","MIR6808"
"ENSG00000162576.16","MXRA8"
"ENSG00000175756.13","AURKAIP1"
"ENSG00000223663.2","NDUFB4P8"
"ENSG00000221978.11","CCNL2"
"ENSG00000224870.6","RP4-758J18.2"
"ENSG00000242485.5","MRPL20"
"ENSG00000272455.1","RP4-758J18.13"
"ENSG00000235098.8","ANKRD65"
"ENSG00000225905.1","RP4-758J18.7"
"ENSG00000205116.3","TMEM88B"
"ENSG00000225285.1","LINC01770"
"ENSG00000179403.11","VWA1"
"ENSG00000215915.9","ATAD3C"
"ENSG00000160072.19","ATAD3B"
"ENSG00000197785.13","ATAD3A"
"ENSG00000205090.8","TMEM240"
"ENSG00000160075.11","SSU72"
"ENSG00000215014.4","RP5-832C2.5"
"ENSG00000274481.1","RP11-345P4.11"
"ENSG00000228594.3","FNDC10"
"ENSG00000272106.1","RP11-345P4.9"
"ENSG00000197530.12","MIB2"
"ENSG00000189409.13","MMP23B"
"ENSG00000248333.8","CDK11B"
"ENSG00000272004.1","RP11-345P4.10"
"ENSG00000189339.11","SLC35E2B"
"ENSG00000269737.2","RP11-345P4.6"
"ENSG00000215914.4","MMP23A"
"ENSG00000008128.22","CDK11A"
"ENSG00000227775.3","RP1-283E3.4"
"ENSG00000215790.6","SLC35E2"
"ENSG00000008130.15","NADK"
"ENSG00000078369.17","GNB1"
"ENSG00000231050.1","RP1-140A9.1"
"ENSG00000169885.9","CALML6"
"ENSG00000178821.12","TMEM52"
"ENSG00000142609.17","CFAP74"
"ENSG00000233542.1","RP11-547D24.1"
"ENSG00000187730.8","GABRD"
"ENSG00000226969.1","RP11-547D24.3"
"ENSG00000067606.16","PRKCZ"
"ENSG00000271806.1","RP5-892K4.1"
"ENSG00000182873.5","PRKCZ-AS1"
"ENSG00000162585.16","FAAP20"
"ENSG00000234396.3","RP11-181G12.4"
"ENSG00000157933.9","SKI"
"ENSG00000116151.13","MORN1"
"ENSG00000272161.1","RP4-713A8.1"
"ENSG00000269896.2","RP4-740C4.5"
"ENSG00000272420.1","RP4-740C4.7"
"ENSG00000157916.19","RER1"
"ENSG00000157911.9","PEX10"
"ENSG00000149527.17","PLCH2"
"ENSG00000224387.1","RP3-395M20.2"
"ENSG00000229393.1","RP3-395M20.3"
"ENSG00000157881.13","PANK4"
"ENSG00000197921.5","HES5"
"ENSG00000272449.1","RP3-395M20.12"
"ENSG00000238164.6","RP3-395M20.8"
"ENSG00000157873.17","TNFRSF14"
"ENSG00000225931.3","RP3-395M20.7"
"ENSG00000228037.1","RP3-395M20.9"
"ENSG00000157870.14","FAM213B"
"ENSG00000142606.15","MMEL1"
"ENSG00000237058.1","RP13-436F16.1"
"ENSG00000215912.12","TTC34"
"ENSG00000283259.1","ABC14-1188822O7.1"
"ENSG00000233234.1","RP11-740P5.2"
"ENSG00000231630.1","RP11-740P5.3"
"ENSG00000169717.6","ACTRT2"
"ENSG00000177133.10","LINC00982"
"ENSG00000142611.16","PRDM16"
"ENSG00000283572.1","MIR4251"
"ENSG00000226286.1","RP1-163G9.2"
"ENSG00000279839.1","RP11-193J6.1"
"ENSG00000272235.1","RP11-22L13.1"
"ENSG00000130762.14","ARHGEF16"
"ENSG00000272088.1","RP11-168F9.2"
"ENSG00000162591.15","MEGF6"
"ENSG00000207776.1","MIR551A"
"ENSG00000238260.1","RP11-46F15.2"
"ENSG00000158109.14","TPRG1L"
"ENSG00000116213.15","WRAP73"
"ENSG00000078900.14","TP73"
"ENSG00000227589.1","RP5-1092A11.5"
"ENSG00000235131.1","RP5-1092A11.2"
"ENSG00000227372.11","TP73-AS1"
"ENSG00000162592.9","CCDC27"
"ENSG00000235169.7","SMIM1"
"ENSG00000130764.9","LRRC47"
"ENSG00000266075.2","RN7SL574P"
"ENSG00000272153.1","RP1-286D6.5"
"ENSG00000116198.12","CEP104"
"ENSG00000169598.15","DFFB"
"ENSG00000198912.10","C1orf174"
"ENSG00000236423.5","LINC01134"
"ENSG00000233304.6","LINC01346"
"ENSG00000226374.2","LINC01345"
"ENSG00000229280.1","EEF1DP6"
"ENSG00000235054.3","LINC01777"
"ENSG00000227169.2","RP1-37J18.1"
"ENSG00000232596.2","LINC01646"
"ENSG00000196581.10","AJAP1"
"ENSG00000231510.1","RP11-542C10.1"
"ENSG00000260972.1","RP1-58B11.1"
"ENSG00000283356.1","RP3-491M17.1"
"ENSG00000236948.2","RP11-154H17.1"
"ENSG00000264341.1","MIR4417"
"ENSG00000264101.1","MIR4689"
"ENSG00000131697.17","NPHP4"
"ENSG00000069424.14","KCNAB2"
"ENSG00000116254.17","CHD5"
"ENSG00000116251.9","RPL22"
"ENSG00000226944.1","RP1-120G22.11"
"ENSG00000158286.12","RNF207"
"ENSG00000116237.15","ICMT"
"ENSG00000225077.2","LINC00337"
"ENSG00000173673.7","HES3"
"ENSG00000158292.6","GPR153"
"ENSG00000097021.19","ACOT7"
"ENSG00000069812.11","HES2"
"ENSG00000187017.15","ESPN"
"ENSG00000265392.1","MIR4252"
"ENSG00000231868.1","RP1-202O8.2"
"ENSG00000215788.9","TNFRSF25"
"ENSG00000171680.21","PLEKHG5"
"ENSG00000162408.10","NOL9"
"ENSG00000253022.1","RNU6-731P"
"ENSG00000229519.2","RP11-58A11.2"
"ENSG00000173662.20","TAS1R1"
"ENSG00000204859.12","ZBTB48"
"ENSG00000162413.16","KLHL21"
"ENSG00000116273.5","PHF13"
"ENSG00000041988.15","THAP3"
"ENSG00000007923.15","DNAJC11"
"ENSG00000228750.6","LINC01672"
"ENSG00000237436.1","RP11-312B8.1"
"ENSG00000171735.18","CAMTA1"
"ENSG00000227950.1","RP11-312B8.2"
"ENSG00000237365.1","RP11-334N17.1"
"ENSG00000207056.1","RNU1-8P"
"ENSG00000237402.1","CAMTA1-IT1"
"ENSG00000237728.2","RP3-453P22.2"
"ENSG00000225126.1","RP4-549F15.1"
"ENSG00000270171.1","RP11-338N10.1"
"ENSG00000270035.1","RP11-338N10.2"
"ENSG00000269978.1","RP11-338N10.3"
"ENSG00000049245.12","VAMP3"
"ENSG00000269925.1","RP3-467L1.6"
"ENSG00000049246.14","PER3"
"ENSG00000236266.1","RP3-467L1.4"
"ENSG00000049247.13","UTS2"
"ENSG00000049249.8","TNFRSF9"
"ENSG00000270330.1","RP5-892F13.2"
"ENSG00000116288.12","PARK7"
"ENSG00000200344.1","Y_RNA"
"ENSG00000116285.12","ERRFI1"
"ENSG00000238290.1","RP11-431K24.1"
"ENSG00000232848.1","CTA-215D11.4"
"ENSG00000229305.1","RP11-431K24.2"
"ENSG00000227634.2","LINC01714"
"ENSG00000200975.1","RNU1-7P"
"ENSG00000233645.1","RP11-431K24.4"
"ENSG00000251977.1","RNU6-991P"
"ENSG00000162426.14","SLC45A1"
"ENSG00000252254.1","Y_RNA"
"ENSG00000142599.17","RERE"
"ENSG00000232912.5","RP5-1115A15.1"
"ENSG00000221083.1","SNORA77"
"ENSG00000270282.1","RP5-1115A15.2"
"ENSG00000234619.1","RPL7P11"
"ENSG00000224315.2","RPL7P7"
"ENSG00000222511.2","Y_RNA"
"ENSG00000226545.1","RP4-633I8.3"
"ENSG00000228423.2","RP4-633I8.4"
"ENSG00000229716.2","RPL23AP19"
"ENSG00000074800.13","ENO1"
"ENSG00000274258.1","MIR6728"
"ENSG00000236269.1","ENO1-IT1"
"ENSG00000230679.1","ENO1-AS1"
"ENSG00000201725.1","RNU6-304P"
"ENSG00000238249.2","HMGN2P17"
"ENSG00000232208.2","RP3-477M7.5"
"ENSG00000232663.2","RP3-477M7.6"
"ENSG00000131686.14","CA6"
"ENSG00000265141.2","RN7SL451P"
"ENSG00000197241.3","SLC2A7"
"ENSG00000142583.17","SLC2A5"
"ENSG00000252404.1","SCARNA16"
"ENSG00000180758.11","GPR157"
"ENSG00000228526.6","MIR34AHG"
"ENSG00000234546.3","LINC01759"
"ENSG00000281937.1","RP3-510D11.4"
"ENSG00000049239.12","H6PD"
"ENSG00000171621.13","SPSB1"
"ENSG00000252956.1","RNA5SP40"
"ENSG00000235263.1","RP13-392I16.1"
"ENSG00000171612.6","SLC25A33"
"ENSG00000231181.1","RP13-15M17.1"
"ENSG00000188807.12","TMEM201"
"ENSG00000171608.15","PIK3CD"
"ENSG00000179840.5","PIK3CD-AS1"
"ENSG00000233268.3","RP11-558F24.2"
"ENSG00000231789.2","PIK3CD-AS2"
"ENSG00000171603.16","CLSTN1"
"ENSG00000271264.1","MZT1P1"
"ENSG00000280113.2","RP11-84A14.7"
"ENSG00000178585.14","CTNNBIP1"
"ENSG00000162441.11","LZIC"
"ENSG00000228150.1","RP11-84A14.4"
"ENSG00000173614.13","NMNAT1"
"ENSG00000202415.1","RN7SKP269"
"ENSG00000283611.1","RP11-84A14.6"
"ENSG00000265521.1","MIR5697"
"ENSG00000162444.11","RBP7"
"ENSG00000130939.18","UBE4B"
"ENSG00000224340.1","RP11-496H15.2"
"ENSG00000233623.2","PGAM1P11"
"ENSG00000201746.1","RNU6-828P"
"ENSG00000054523.17","KIF1B"
"ENSG00000264881.1","MIR1273D"
"ENSG00000199562.1","RNU6-37P"
"ENSG00000142657.20","PGD"
"ENSG00000271989.1","RP4-736L20.3"
"ENSG00000175279.21","CENPS"
"ENSG00000241563.3","CORT"
"ENSG00000160049.11","DFFA"
"ENSG00000142655.12","PEX14"
"ENSG00000243267.3","RN7SL614P"
"ENSG00000130940.14","CASZ1"
"ENSG00000272078.1","RP4-734G22.3"
"ENSG00000225158.2","HSPE1P24"
"ENSG00000175262.14","C1orf127"
"ENSG00000215785.2","CFL1P6"
"ENSG00000120948.16","TARDBP"
"ENSG00000009724.16","MASP2"
"ENSG00000271895.2","RP4-635E18.8"
"ENSG00000116649.9","SRM"
"ENSG00000171824.13","EXOSC10"
"ENSG00000226849.1","RP4-635E18.7"
"ENSG00000230337.1","RP4-635E18.6"
"ENSG00000198793.12","MTOR"
"ENSG00000225602.5","MTOR-AS1"
"ENSG00000253086.1","RNU6-537P"
"ENSG00000171819.4","ANGPTL7"
"ENSG00000207451.1","RNU6-291P"
"ENSG00000238173.1","RPL39P6"
"ENSG00000120942.13","UBIAD1"
"ENSG00000238199.1","UBE2V2P3"
"ENSG00000224338.2","MTCYBP45"
"ENSG00000204624.7","DISP3"
"ENSG00000235643.1","LINC01647"
"ENSG00000116661.9","FBXO2"
"ENSG00000132879.13","FBXO44"
"ENSG00000116663.10","FBXO6"
"ENSG00000116670.14","MAD2L2"
"ENSG00000162490.6","DRAXIN"
"ENSG00000177674.15","AGTRAP"
"ENSG00000215910.7","C1orf167"
"ENSG00000177553.6","RP11-56N19.5"
"ENSG00000177000.10","MTHFR"
"ENSG00000011021.21","CLCN6"
"ENSG00000242349.5","NPPA-AS1"
"ENSG00000175206.10","NPPA"
"ENSG00000120937.8","NPPB"
"ENSG00000224904.1","RP5-934G17.6"
"ENSG00000199347.1","RNU5E-1"
"ENSG00000201801.1","RNU5E-4P"
"ENSG00000116685.15","KIAA2013"
"ENSG00000083444.16","PLOD1"
"ENSG00000116688.16","MFN2"
"ENSG00000270914.1","RP5-1077B9.5"
"ENSG00000116691.10","MIIP"
"ENSG00000202461.1","Y_RNA"
"ENSG00000276869.1","MIR6729"
"ENSG00000243539.3","RN7SL649P"
"ENSG00000120949.14","TNFRSF8"
"ENSG00000201135.1","RNU6-777P"
"ENSG00000227875.2","RPL23AP89"
"ENSG00000283789.1","MIR7846"
"ENSG00000028137.18","TNFRSF1B"
"ENSG00000263676.1","MIR4632"
"ENSG00000225196.2","RPL10P17"
"ENSG00000252969.1","SNORA70"
"ENSG00000048707.13","VPS13D"
"ENSG00000239149.1","SNORA59A"
"ENSG00000229484.1","RP5-888M10.2"
"ENSG00000162496.8","DHRS3"
"ENSG00000221340.1","RNU6ATAC18P"
"ENSG00000276830.1","MIR6730"
"ENSG00000272482.1","RP11-474O21.5"
"ENSG00000204518.2","AADACL4"
"ENSG00000226166.2","RP11-474O21.2"
"ENSG00000188984.11","AADACL3"
"ENSG00000157330.9","C1orf158"
"ENSG00000116726.4","PRAMEF12"
"ENSG00000116721.9","PRAMEF1"
"ENSG00000228338.1","LINC01784"
"ENSG00000239810.3","PRAMEF11"
"ENSG00000231103.2","PRAMEF30P"
"ENSG00000179172.9","HNRNPCL1"
"ENSG00000120952.4","PRAMEF2"
"ENSG00000243073.3","PRAMEF4"
"ENSG00000187545.5","PRAMEF10"
"ENSG00000204510.5","PRAMEF7"
"ENSG00000207434.1","RNU6-1072P"
"ENSG00000234064.1","PRAMEF29P"
"ENSG00000232423.6","PRAMEF6"
"ENSG00000274178.2","PRAMEF28P"
"ENSG00000274764.5","PRAMEF27"
"ENSG00000277058.2","HNRNPCL3"
"ENSG00000229571.7","PRAMEF25"
"ENSG00000277862.1","PRAMEF34P"
"ENSG00000236179.1","PRAMEF35P"
"ENSG00000275774.2","HNRNPCL2"
"ENSG00000229978.1","PRAMEF36P"
"ENSG00000233336.1","RP13-221M14.2"
"ENSG00000280267.4","PRAMEF26"
"ENSG00000179412.10","HNRNPCL4"
"ENSG00000204505.4","PRAMEF9"
"ENSG00000279169.2","PRAMEF13"
"ENSG00000279804.2","PRAMEF18"
"ENSG00000250894.1","PRAMEF31P"
"ENSG00000270601.4","PRAMEF5"
"ENSG00000231219.1","PRAMEF32P"
"ENSG00000207511.1","RNU6-771P"
"ENSG00000182330.10","PRAMEF8"
"ENSG00000237700.2","PRAMEF33"
"ENSG00000204501.7","PRAMEF15"
"ENSG00000228229.2","RP11-219C24.10"
"ENSG00000204481.7","PRAMEF14"
"ENSG00000204480.7","PRAMEF19"
"ENSG00000204479.4","PRAMEF17"
"ENSG00000204478.9","PRAMEF20"
"ENSG00000162494.5","LRRC38"
"ENSG00000259961.1","RP4-597A16.2"
"ENSG00000215909.3","BRWD1P1"
"ENSG00000162493.16","PDPN"
"ENSG00000222952.1","RNA5SP41"
"ENSG00000237445.2","CTA-520D8.2"
"ENSG00000253085.1","SCARNA11"
"ENSG00000116731.22","PRDM2"
"ENSG00000189337.16","KAZN"
"ENSG00000252151.1","RNU6-1265P"
"ENSG00000231606.1","RP11-344F13.1"
"ENSG00000234593.2","RP4-704D23.1"
"ENSG00000235829.1","TBCAP2"
"ENSG00000175147.11","TMEM51-AS1"
"ENSG00000171729.13","TMEM51"
"ENSG00000204464.7","C1orf195"
"ENSG00000215720.4","RP1-21O18.3"
"ENSG00000278480.1","RP5-903E17.2"
"ENSG00000142621.19","FHAD1"
"ENSG00000233485.1","RP3-467K16.2"
"ENSG00000236045.1","RP3-467K16.7"
"ENSG00000228140.1","RP3-467K16.4"
"ENSG00000142634.12","EFHD2"
"ENSG00000162438.11","CTRC"
"ENSG00000142615.7","CELA2A"
"ENSG00000215704.9","CELA2B"
"ENSG00000132906.17","CASP9"
"ENSG00000116138.12","DNAJC16"
"ENSG00000251866.1","SCARNA21"
"ENSG00000272510.1","RP4-680D5.8"
"ENSG00000116771.5","AGMAT"
"ENSG00000237301.1","RP4-680D5.2"
"ENSG00000235084.3","CHCHD2P6"
"ENSG00000252417.1","RNU7-179P"
"ENSG00000236500.1","CD24P1"
"ENSG00000197312.11","DDI2"
"ENSG00000271742.1","RP4-680D5.9"
"ENSG00000116786.11","PLEKHM2"
"ENSG00000237938.5","RP11-288I21.1"
"ENSG00000162461.7","SLC25A34"
"ENSG00000162460.6","TMEM82"
"ENSG00000224459.1","RP11-169K16.4"
"ENSG00000162458.12","FBLIM1"
"ENSG00000224321.1","RPL12P14"
"ENSG00000233954.6","UQCRHL"
"ENSG00000178715.8","RP11-169K16.8"
"ENSG00000179743.4","FLJ37453"
"ENSG00000065526.10","SPEN"
"ENSG00000270620.1","RP1-134O19.3"
"ENSG00000116809.11","ZBTB17"
"ENSG00000234607.2","RP11-5P18.1"
"ENSG00000231353.1","RP11-5P18.3"
"ENSG00000275503.1","RP11-5P18.11"
"ENSG00000224966.4","TBC1D3P6"
"ENSG00000183888.4","C1orf64"
"ENSG00000173641.17","HSPB7"
"ENSG00000186510.11","CLCNKA"
"ENSG00000232456.1","RP11-5P18.10"
"ENSG00000184908.17","CLCNKB"
"ENSG00000185519.8","FAM131C"
"ENSG00000142627.12","EPHA2"
"ENSG00000227959.1","RP11-276H7.2"
"ENSG00000224621.1","RP11-276H7.3"
"ENSG00000142632.16","ARHGEF19"
"ENSG00000237276.8","ANO7L1"
"ENSG00000132881.11","RSG1"
"ENSG00000233929.1","MT1XP1"
"ENSG00000037637.10","FBXO42"
"ENSG00000055070.16","SZRD1"
"ENSG00000226457.1","RP11-430L17.1"
"ENSG00000187144.11","SPATA21"
"ENSG00000157191.19","NECAP2"
"ENSG00000226029.1","LINC01772"
"ENSG00000080947.14","CROCCP3"
"ENSG00000206652.1","RNU1-1"
"ENSG00000261135.1","RP4-798A10.7"
"ENSG00000224174.2","RP4-798A10.4"
"ENSG00000233421.4","LINC01783"
"ENSG00000277344.1","RNU1-6P"
"ENSG00000268991.2","FAM231B"
"ENSG00000225710.1","RP5-875O13.6"
"ENSG00000219481.10","NBPF1"
"ENSG00000271732.1","RP5-1182A14.5"
"ENSG00000215908.10","CROCCP2"
"ENSG00000186301.8","MST1P2"
"ENSG00000282143.1","RP1-163M9.8"
"ENSG00000207513.1","RNU1-3"
"ENSG00000237847.2","FAM231A"
"ENSG00000280114.1","RP5-875O13.7"
"ENSG00000236698.1","EIF1AXP1"
"ENSG00000268869.5","ESPNP"
"ENSG00000279151.1","RP1-163M9.7"
"ENSG00000279132.2","FAM231C"
"ENSG00000282740.1","RP5-1182A14.7"
"ENSG00000207389.1","RNU1-4"
"ENSG00000227684.2","CROCCP4"
"ENSG00000186715.10","MST1L"
"ENSG00000223643.6","RP11-108M9.1"
"ENSG00000230239.1","RP11-108M9.2"
"ENSG00000263811.1","MIR3675"
"ENSG00000228549.3","RP11-108M9.3"
"ENSG00000238142.1","RP11-108M9.4"
"ENSG00000235241.1","RP11-108M9.5"
"ENSG00000207005.1","RNU1-2"
"ENSG00000272426.1","RP11-108M9.6"
"ENSG00000058453.16","CROCC"
"ENSG00000117122.13","MFAP2"
"ENSG00000226526.1","RP1-37C10.3"
"ENSG00000159363.17","ATP13A2"
"ENSG00000117118.9","SDHB"
"ENSG00000117115.12","PADI2"
"ENSG00000204362.6","RP11-380J14.1"
"ENSG00000282843.1","RP11-380J14.4"
"ENSG00000142623.9","PADI1"
"ENSG00000142619.4","PADI3"
"ENSG00000266634.1","MIR3972"
"ENSG00000159339.13","PADI4"
"ENSG00000276747.1","PADI6"
"ENSG00000179051.13","RCC2"
"ENSG00000074964.16","ARHGEF10L"
"ENSG00000236648.1","RP11-473A10.2"
"ENSG00000117148.7","ACTL8"
"ENSG00000261781.1","LINC01654"
"ENSG00000117154.11","IGSF21"
"ENSG00000280222.1","RP11-174G17.3"
"ENSG00000230035.2","RP11-174G17"
"ENSG00000225387.1","RP11-422P22.1"
"ENSG00000179023.8","KLHDC7A"
"ENSG00000235282.3","DYNLL1P3"
"ENSG00000225478.2","RP1-8B22.2"
"ENSG00000009709.11","PAX7"
"ENSG00000179002.5","TAS1R2"
"ENSG00000159423.16","ALDH4A1"
"ENSG00000265606.1","MIR4695"
"ENSG00000221662.1","MIR1290"
"ENSG00000169991.10","IFFO2"
"ENSG00000272084.1","RP5-1126H10.2"
"ENSG00000127481.14","UBR4"
"ENSG00000230424.1","RP1-43E13.2"
"ENSG00000127463.13","EMC1"
"ENSG00000053372.4","MRTO4"
"ENSG00000211454.13","AKR7L"
"ENSG00000162482.4","AKR7A3"
"ENSG00000270728.1","RP4-657E11.10"
"ENSG00000053371.12","AKR7A2"
"ENSG00000200403.1","RNU6-1099P"
"ENSG00000040487.12","PQLC2"
"ENSG00000077549.17","CAPZB"
"ENSG00000240490.3","RN7SL277P"
"ENSG00000201609.1","RNU4-28P"
"ENSG00000235185.1","RP5-1056L3.1"
"ENSG00000173436.13","MINOS1"
"ENSG00000226396.1","RP5-1056L3.3"
"ENSG00000158747.13","NBL1"
"ENSG00000158748.3","HTR6"
"ENSG00000162542.13","TMCO4"
"ENSG00000178828.6","RNF186"
"ENSG00000235434.1","RP11-91K11.2"
"ENSG00000169914.5","OTUD3"
"ENSG00000188784.4","PLA2G2E"
"ENSG00000242688.3","RN7SL304P"
"ENSG00000188257.10","PLA2G2A"
"ENSG00000127472.10","PLA2G5"
"ENSG00000117215.14","PLA2G2D"
"ENSG00000158786.4","PLA2G2F"
"ENSG00000227066.1","RP3-340N1.2"
"ENSG00000187980.6","PLA2G2C"
"ENSG00000225986.1","UBXN10-AS1"
"ENSG00000162543.5","UBXN10"
"ENSG00000228105.1","LINC01757"
"ENSG00000158816.15","VWA5B1"
"ENSG00000226664.1","RP4-745E8.2"
"ENSG00000236963.6","LINC01141"
"ENSG00000226487.1","RP4-749H3.2"
"ENSG00000162545.5","CAMK2N1"
"ENSG00000090432.6","MUL1"
"ENSG00000215520.3","RPS4XP4"
"ENSG00000183114.7","FAM43B"
"ENSG00000158825.5","CDA"
"ENSG00000158828.7","PINK1"
"ENSG00000117242.7","PINK1-AS"
"ENSG00000244038.9","DDOST"
"ENSG00000117245.12","KIF17"
"ENSG00000235432.1","RP5-930J4.5"
"ENSG00000189410.11","SH2D5"
"ENSG00000233069.1","RP5-930J4.2"
"ENSG00000127483.17","HP1BP3"
"ENSG00000075151.20","EIF4G3"
"ENSG00000251914.1","RNU7-200P"
"ENSG00000221808.1","MIR1256"
"ENSG00000233072.1","RPS15AP6"
"ENSG00000236073.2","RP11-487E1.2"
"ENSG00000235112.1","HSPE1P27"
"ENSG00000117298.14","ECE1"
"ENSG00000236936.1","RP3-329E20.2"
"ENSG00000231105.1","RP5-1071N3.1"
"ENSG00000236216.5","PPP1R11P1"
"ENSG00000228823.1","RP11-293F5.8"
"ENSG00000236009.1","RP11-293F5.1"
"ENSG00000227001.3","NBPF2P"
"ENSG00000187952.9","HS6ST1P1"
"ENSG00000186543.7","CROCCP5"
"ENSG00000142794.18","NBPF3"
"ENSG00000176378.8","PFN1P10"
"ENSG00000162551.13","ALPL"
"ENSG00000233431.1","RP11-63N8.3"
"ENSG00000076864.19","RAP1GAP"
"ENSG00000090686.15","USP48"
"ENSG00000231978.2","RP11-132G19.3"
"ENSG00000187942.11","LDLRAD2"
"ENSG00000142798.17","HSPG2"
"ENSG00000232037.3","RP11-26H16.1"
"ENSG00000283234.1","RP11-26H16.4"
"ENSG00000219073.7","CELA3B"
"ENSG00000273610.1","RN7SL386P"
"ENSG00000201919.1","RNU6-1022P"
"ENSG00000142789.19","CELA3A"
"ENSG00000278124.1","RN7SL186P"
"ENSG00000201273.1","RNU6-776P"
"ENSG00000228397.2","LINC01635"
"ENSG00000218510.6","LINC00339"
"ENSG00000070831.15","CDC42"
"ENSG00000230068.2","CDC42-IT1"
"ENSG00000271428.1","RP1-224A6.8"
"ENSG00000271840.1","RP1-224A6.9"
"ENSG00000162552.14","WNT4"
"ENSG00000266564.1","MIR4418"
"ENSG00000234397.3","RP11-415K20.1"
"ENSG00000279625.1","RP11-415K20.2"
"ENSG00000184677.16","ZBTB40"
"ENSG00000237200.1","ZBTB40-IT1"
"ENSG00000070886.11","EPHA8"
"ENSG00000276835.2","MIR6127"
"ENSG00000173372.16","C1QA"
"ENSG00000159189.11","C1QC"
"ENSG00000173369.15","C1QB"
"ENSG00000133216.16","EPHB2"
"ENSG00000265422.1","MIR4684"
"ENSG00000225952.1","RP11-69E9.1"
"ENSG00000264014.1","MIR4253"
"ENSG00000215906.8","LACTBL1"
"ENSG00000227868.5","C1orf234"
"ENSG00000004487.15","KDM1A"
"ENSG00000240553.1","RP1-184J9.2"
"ENSG00000263793.1","MIR3115"
"ENSG00000266802.1","MIR4419A"
"ENSG00000169641.13","LUZP1"
"ENSG00000229010.1","RP5-979D14.1"
"ENSG00000206935.1","RNU6-514P"
"ENSG00000252578.1","RNU6-135P"
"ENSG00000179546.4","HTR1D"
"ENSG00000215381.3","RP5-1057J7.1"
"ENSG00000261326.2","LINC01355"
"ENSG00000125944.18","HNRNPR"
"ENSG00000125945.14","ZNF436"
"ENSG00000249087.6","ZNF436-AS1"
"ENSG00000271420.1","RP5-1057J7.7"
"ENSG00000204219.9","TCEA3"
"ENSG00000232482.2","RP4-654C18.1"
"ENSG00000088280.18","ASAP3"
"ENSG00000007968.6","E2F2"
"ENSG00000235052.1","RP1-150O5.3"
"ENSG00000117318.8","ID3"
"ENSG00000197880.8","MDS2"
"ENSG00000229239.2","RP11-223J15.2"
"ENSG00000142676.12","RPL11"
"ENSG00000011007.12","ELOA"
"ENSG00000236810.5","ELOA-AS1"
"ENSG00000057757.9","PITHD1"
"ENSG00000011009.10","LYPLA2"
"ENSG00000117308.14","GALE"
"ENSG00000117305.14","HMGCL"
"ENSG00000179163.11","FUCA1"
"ENSG00000188822.7","CNR2"
"ENSG00000229106.1","BTBD6P1"
"ENSG00000232557.3","RP11-4M23.3"
"ENSG00000264926.1","MIR378F"
"ENSG00000230228.2","RP11-4M23.4"
"ENSG00000189266.11","PNRC2"
"ENSG00000188529.14","SRSF10"
"ENSG00000215905.4","RP11-4M23.7"
"ENSG00000225315.2","RP11-293P20.2"
"ENSG00000142661.18","MYOM3"
"ENSG00000230703.1","RP11-293P20.4"
"ENSG00000142677.3","IL22RA1"
"ENSG00000185436.11","IFNLR1"
"ENSG00000230023.2","RP11-10N16.2"
"ENSG00000232298.2","RP11-10N16.3"
"ENSG00000158055.15","GRHL3"
"ENSG00000001460.17","STPG1"
"ENSG00000001461.16","NIPAL3"
"ENSG00000117602.11","RCAN3"
"ENSG00000264443.1","RP4-594I10.3"
"ENSG00000184454.6","NCMAP"
"ENSG00000227312.2","RP11-496D1.2"
"ENSG00000239106.1","Y_RNA"
"ENSG00000133226.16","SRRM1"
"ENSG00000169504.14","CLIC4"
"ENSG00000238482.1","RNU6-1208P"
"ENSG00000020633.18","RUNX3"
"ENSG00000278034.1","MIR6731"
"ENSG00000229162.1","RP11-84D1.1"
"ENSG00000261025.1","RP11-84D1.2"
"ENSG00000264371.1","MIR4425"
"ENSG00000233755.1","RP4-799D16.1"
"ENSG00000233419.3","RP4-781L3.1"
"ENSG00000231953.2","RP4-706G24.1"
"ENSG00000117614.9","SYF2"
"ENSG00000117616.17","RSRP1"
"ENSG00000272432.1","RP3-465N24.6"
"ENSG00000261349.1","RP3-465N24.5"
"ENSG00000187010.19","RHD"
"ENSG00000224183.1","SDHDP6"
"ENSG00000259984.1","RP11-335G20.7"
"ENSG00000183726.10","TMEM50A"
"ENSG00000188672.17","RHCE"
"ENSG00000238084.4","RP3-469D22.1"
"ENSG00000204178.9","TMEM57"
"ENSG00000157978.11","LDLRAP1"
"ENSG00000225643.1","RP11-70P17.1"
"ENSG00000117643.14","MAN1C1"
"ENSG00000233478.1","RP1-187B23.1"
"ENSG00000162430.16","SELENON"
"ENSG00000228172.5","RP1-317E23.3"
"ENSG00000117640.17","MTFR1L"
"ENSG00000127423.10","AUNIP"
"ENSG00000236528.1","RP1-125I3.2"
"ENSG00000182749.5","PAQR7"
"ENSG00000207302.1","Y_RNA"
"ENSG00000117632.22","STMN1"
"ENSG00000229786.1","SNRPFP2"
"ENSG00000223624.1","RP1-125I3.4"
"ENSG00000283938.1","MIR3917"
"ENSG00000158006.13","PAFAH2"
"ENSG00000207237.1","RNU6-110P"
"ENSG00000252190.1","SCARNA17"
"ENSG00000252691.1","SCARNA18"
"ENSG00000158008.9","EXTL1"
"ENSG00000158014.14","SLC30A2"
"ENSG00000284309.1","RP11-96L14.9"
"ENSG00000158022.6","TRIM63"
"ENSG00000175087.9","PDIK1L"
"ENSG00000197245.5","FAM110D"
"ENSG00000282872.1","RP11-96L14.8"
"ENSG00000236782.6","RP11-96L14.7"
"ENSG00000142684.8","ZNF593"
"ENSG00000142675.17","CNKSR1"
"ENSG00000188782.8","CATSPER4"
"ENSG00000236155.6","RP11-231P20.2"
"ENSG00000278572.1","RP11-231P20.6"
"ENSG00000130695.14","CEP85"
"ENSG00000270733.1","RP11-231P20.5"
"ENSG00000142669.14","SH3BGRL3"
"ENSG00000158062.20","UBXN11"
"ENSG00000169442.8","CD52"
"ENSG00000176092.14","AIM1L"
"ENSG00000225854.2","RP11-569G9.7"
"ENSG00000176083.17","ZNF683"
"ENSG00000131914.10","LIN28A"
"ENSG00000117682.16","DHDDS"
"ENSG00000223583.1","RP3-476K8.4"
"ENSG00000225891.1","RP3-476K8.3"
"ENSG00000198830.10","HMGN2"
"ENSG00000224129.1","DPPA2P2"
"ENSG00000117676.13","RPS6KA1"
"ENSG00000238705.1","MIR1976"
"ENSG00000243905.3","RN7SL679P"
"ENSG00000252802.1","Y_RNA"
"ENSG00000252429.2","RNU7-29P"
"ENSG00000229247.2","RP11-492M19.3"
"ENSG00000238316.1","snoU13"
"ENSG00000235069.2","RP4-785J1.1"
"ENSG00000260063.1","RP5-968P14.2"
"ENSG00000117713.18","ARID1A"
"ENSG00000060642.10","PIGV"
"ENSG00000241188.3","RN7SL165P"
"ENSG00000204160.11","ZDHHC18"
"ENSG00000175793.11","SFN"
"ENSG00000142751.14","GPN2"
"ENSG00000198746.12","GPATCH3"
"ENSG00000090273.13","NUDC"
"ENSG00000131910.4","NR0B2"
"ENSG00000175707.8","KDF1"
"ENSG00000172746.6","RPL12P13"
"ENSG00000224064.1","RP11-344H11.5"
"ENSG00000225294.1","OSTCP2"
"ENSG00000253368.3","TRNP1"
"ENSG00000158246.7","FAM46B"
"ENSG00000090020.10","SLC9A1"
"ENSG00000229985.2","RP11-40H20.5"
"ENSG00000214973.3","CHCHD3P3"
"ENSG00000225159.1","NPM1P39"
"ENSG00000225990.2","SNRPEP7"
"ENSG00000224311.1","RP11-40H20.4"
"ENSG00000142784.15","WDTC1"
"ENSG00000252098.1","Y_RNA"
"ENSG00000243659.1","RP11-4K3__A.3"
"ENSG00000186501.14","TMEM222"
"ENSG00000206888.1","RNU6-48P"
"ENSG00000241547.1","ACTG1P20"
"ENSG00000142765.17","SYTL1"
"ENSG00000142733.14","MAP3K6"
"ENSG00000142748.12","FCN3"
"ENSG00000174950.10","CD164L2"
"ENSG00000231207.1","RP1-144C9.2"
"ENSG00000181773.6","GPR3"
"ENSG00000158195.10","WASF2"
"ENSG00000241169.1","RP4-752I6.1"
"ENSG00000237429.1","RP1-159A19.4"
"ENSG00000126705.13","AHDC1"
"ENSG00000000938.12","FGR"
"ENSG00000235912.1","RP1-159A19.3"
"ENSG00000233975.1","RP11-288L9.1"
"ENSG00000126709.14","IFI6"
"ENSG00000225886.3","RP11-288L9.4"
"ENSG00000206767.1","RNU6-949P"
"ENSG00000226662.2","CHMP1AP1"
"ENSG00000207095.1","RNU6-424P"
"ENSG00000009780.15","FAM76A"
"ENSG00000231344.1","RP3-426I6.2"
"ENSG00000230833.1","RPEP3"
"ENSG00000117758.13","STX12"
"ENSG00000269971.1","RP3-426I6.5"
"ENSG00000270031.1","RP3-426I6.6"
"ENSG00000223062.1","RNU6-1245P"
"ENSG00000117751.17","PPP1R8"
"ENSG00000252947.1","SCARNA1"
"ENSG00000130775.15","THEMIS2"
"ENSG00000117748.9","RPA2"
"ENSG00000130768.14","SMPDL3B"
"ENSG00000227050.1","RP11-460I13.2"
"ENSG00000158156.7","XKR8"
"ENSG00000158161.15","EYA3"
"ENSG00000238231.2","RP11-460I13.6"
"ENSG00000240750.3","RN7SL559P"
"ENSG00000228589.3","SPCS2P4"
"ENSG00000228943.1","RP5-1053E7.2"
"ENSG00000214812.3","RP5-1053E7.3"
"ENSG00000253005.1","RNU6-176P"
"ENSG00000169403.11","PTAFR"
"ENSG00000126698.10","DNAJC8"
"ENSG00000130770.17","ATPIF1"
"ENSG00000270605.1","RP5-1092A3.4"
"ENSG00000271398.1","RP5-1092A3.5"
"ENSG00000130766.4","SESN2"
"ENSG00000130772.13","MED18"
"ENSG00000204138.12","PHACTR4"
"ENSG00000206779.1","Y_RNA"
"ENSG00000229820.2","RP1-308E4.1"
"ENSG00000221216.1","RNU6ATAC27P"
"ENSG00000180198.15","RCC1"
"ENSG00000274266.1","SNORA73A"
"ENSG00000200087.1","SNORA73B"
"ENSG00000231468.2","PRDX3P2"
"ENSG00000279443.1","RP4-669K10.8"
"ENSG00000180098.9","TRNAU1AP"
"ENSG00000197989.13","SNHG12"
"ENSG00000221539.1","SNORD99"
"ENSG00000278274.1","SNORA61"
"ENSG00000273544.1","SNORA44"
"ENSG00000274582.1","SNORA16A"
"ENSG00000120656.11","TAF12"
"ENSG00000188060.7","RAB42"
"ENSG00000229388.1","LINC01715"
"ENSG00000274978.1","RNU11"
"ENSG00000162419.12","GMEB1"
"ENSG00000252777.1","SCARNA24"
"ENSG00000198492.15","YTHDF2"
"ENSG00000116329.10","OPRD1"
"ENSG00000233427.1","RP1-212P9.3"
"ENSG00000199756.1","Y_RNA"
"ENSG00000159023.19","EPB41"
"ENSG00000225616.2","RP4-604A21.1"
"ENSG00000206704.1","Y_RNA"
"ENSG00000277958.1","Metazoa_SRP"
"ENSG00000253304.1","TMEM200B"
"ENSG00000225750.1","RP11-242O24.3"
"ENSG00000116350.16","SRSF4"
"ENSG00000277916.1","uc_338"
"ENSG00000116353.15","MECR"
"ENSG00000237934.1","RP11-467D18.2"
"ENSG00000060656.19","PTPRU"
"ENSG00000230523.1","LINC01756"
"ENSG00000225011.4","RP11-810H18.1"
"ENSG00000228176.1","RP4-656G21.1"
"ENSG00000270927.1","RP11-179G8.1"
"ENSG00000233399.2","LINC01648"
"ENSG00000233372.1","RP5-893G23.1"
"ENSG00000231251.1","RP3-357I16.1"
"ENSG00000236335.1","RP4-591L5.1"
"ENSG00000231949.1","RP4-591L5.2"
"ENSG00000162510.5","MATN1"
"ENSG00000186056.9","MATN1-AS1"
"ENSG00000162511.7","LAPTM5"
"ENSG00000264773.1","MIR4420"
"ENSG00000229607.1","RP5-1125N11.1"
"ENSG00000223382.4","LINC01778"
"ENSG00000222784.1","RN7SKP91"
"ENSG00000235143.1","RP1-65J11.5"
"ENSG00000162512.15","SDC3"
"ENSG00000266210.2","RN7SL371P"
"ENSG00000134644.15","PUM1"
"ENSG00000237329.2","RP11-201O14.1"
"ENSG00000232768.1","RP11-201O14.2"
"ENSG00000215900.4","SELENOWP1"
"ENSG00000225142.2","RP11-490K7.1"
"ENSG00000084628.9","NKAIN1"
"ENSG00000060688.12","SNRNP40"
"ENSG00000229447.2","RP11-490K7.4"
"ENSG00000121766.15","ZCCHC17"
"ENSG00000229044.1","RP11-266K22.2"
"ENSG00000121769.7","FABP3"
"ENSG00000168528.11","SERINC2"
"ENSG00000215899.3","RP11-439L8.2"
"ENSG00000206981.1","RNU6-40P"
"ENSG00000260386.6","LINC01225"
"ENSG00000265961.1","Y_RNA"
"ENSG00000284543.1","LINC01226"
"ENSG00000229167.1","RP11-73M7.1"
"ENSG00000142910.15","TINAGL1"
"ENSG00000121764.11","HCRTR1"
"ENSG00000162517.12","PEF1"
"ENSG00000235790.7","RP11-73M7.6"
"ENSG00000264078.1","RP11-73M7.9"
"ENSG00000084636.17","COL16A1"
"ENSG00000121753.12","ADGRB2"
"ENSG00000266580.1","MIR4254"
"ENSG00000254545.1","RP11-84A19.3"
"ENSG00000134668.12","SPOCD1"
"ENSG00000203620.2","RP11-84A19.2"
"ENSG00000269967.1","RP11-84A19.4"
"ENSG00000184007.18","PTP4A2"
"ENSG00000228634.1","RP4-534N18.2"
"ENSG00000121774.17","KHDRBS1"
"ENSG00000203325.3","RP11-277A4.4"
"ENSG00000121775.17","TMEM39B"
"ENSG00000266203.1","MIR5585"
"ENSG00000276493.1","Metazoa_SRP"
"ENSG00000025800.13","KPNA6"
"ENSG00000084652.15","TXLNA"
"ENSG00000160050.14","CCDC28B"
"ENSG00000224066.1","RP4-622L5.7"
"ENSG00000160051.11","IQCC"
"ENSG00000222046.2","DCDC2B"
"ENSG00000160055.19","TMEM234"
"ENSG00000084623.11","EIF3I"
"ENSG00000220785.7","MTMR9LP"
"ENSG00000183615.5","FAM167B"
"ENSG00000182866.16","LCK"
"ENSG00000277617.1","Metazoa_SRP"
"ENSG00000252450.1","Y_RNA"
"ENSG00000116478.11","HDAC1"
"ENSG00000175130.6","MARCKSL1"
"ENSG00000233775.1","RP4-811H24.9"
"ENSG00000162526.6","TSSK3"
"ENSG00000225828.1","FAM229A"
"ENSG00000160058.18","BSDC1"
"ENSG00000224333.1","GAPDHP20"
"ENSG00000270850.1","RP11-395N6.4"
"ENSG00000229259.1","LRRC37A12P"
"ENSG00000263529.2","RN7SL122P"
"ENSG00000273274.1","ZBTB8B"
"ENSG00000160062.14","ZBTB8A"
"ENSG00000176261.15","ZBTB8OS"
"ENSG00000200591.1","Y_RNA"
"ENSG00000162521.18","RBBP4"
"ENSG00000162520.14","SYNC"
"ENSG00000224409.1","RP11-114B7.6"
"ENSG00000162522.10","KIAA1522"
"ENSG00000134684.10","YARS"
"ENSG00000116497.17","S100PBP"
"ENSG00000160097.16","FNDC5"
"ENSG00000121905.9","HPCA"
"ENSG00000121900.18","TMEM54"
"ENSG00000116514.16","RNF19B"
"ENSG00000278966.2","RP5-1174N9.2"
"ENSG00000217644.5","RP4-803A2.1"
"ENSG00000239670.1","RP4-803A2.2"
"ENSG00000004455.16","AK2"
"ENSG00000276645.1","Metazoa_SRP"
"ENSG00000236065.2","RP1-117O3.2"
"ENSG00000142920.16","AZIN2"
"ENSG00000278997.1","RP11-131M11.2"
"ENSG00000116525.13","TRIM62"
"ENSG00000279179.1","RP11-131M11.3"
"ENSG00000160094.14","ZNF362"
"ENSG00000270115.1","RP11-415J8.7"
"ENSG00000184389.9","A3GALT2"
"ENSG00000225313.5","RP11-415J8.3"
"ENSG00000134686.18","PHC2"
"ENSG00000284154.1","MIR3605"
"ENSG00000222112.1","RN7SKP16"
"ENSG00000233246.1","RP11-415J8.5"
"ENSG00000234512.1","TLR12P"
"ENSG00000121903.14","ZSCAN20"
"ENSG00000235907.2","RP4-580O19.2"
"ENSG00000121904.17","CSMD2"
"ENSG00000227000.2","HSPD1P14"
"ENSG00000176256.10","HMGB4"
"ENSG00000231163.5","CSMD2-AS1"
"ENSG00000201148.1","RNA5SP42"
"ENSG00000142698.14","C1orf94"
"ENSG00000270241.1","RP4-657M3.2"
"ENSG00000207941.1","MIR552"
"ENSG00000163866.8","SMIM12"
"ENSG00000189280.3","GJB5"
"ENSG00000189433.5","GJB4"
"ENSG00000188910.7","GJB3"
"ENSG00000255811.1","RP1-34M23.5"
"ENSG00000187513.8","GJA4"
"ENSG00000230163.1","RP5-997D16.2"
"ENSG00000116544.11","DLGAP3"
"ENSG00000241014.1","RP11-244H3.1"
"ENSG00000243749.1","TMEM35B"
"ENSG00000163867.16","ZMYM6"
"ENSG00000233940.1","RPL12P45"
"ENSG00000197056.9","ZMYM1"
"ENSG00000228348.1","EFCAB14P1"
"ENSG00000116560.10","SFPQ"
"ENSG00000201868.1","Y_RNA"
"ENSG00000146463.11","ZMYM4"
"ENSG00000240374.3","RN7SL503P"
"ENSG00000201542.1","SNORA62"
"ENSG00000229994.1","RPL5P4"
"ENSG00000227409.1","ZMYM4-AS1"
"ENSG00000278702.1","Metazoa_SRP"
"ENSG00000142687.17","KIAA0319L"
"ENSG00000236274.1","RP4-728D4.3"
"ENSG00000020129.15","NCDN"
"ENSG00000239636.1","RP4-728D4.2"
"ENSG00000116819.6","TFAP2E"
"ENSG00000126067.11","PSMB2"
"ENSG00000142686.7","C1orf216"
"ENSG00000092853.13","CLSPN"
"ENSG00000232335.1","RP11-435D7.3"
"ENSG00000134698.10","AGO4"
"ENSG00000092847.11","AGO1"
"ENSG00000271164.1","RP4-789D17.4"
"ENSG00000126070.19","AGO3"
"ENSG00000271554.1","RP4-665N4.8"
"ENSG00000232862.5","RP4-665N4.4"
"ENSG00000092850.11","TEKT2"
"ENSG00000116863.10","ADPRHL2"
"ENSG00000171812.12","COL8A2"
"ENSG00000054116.11","TRAPPC3"
"ENSG00000116871.15","MAP7D1"
"ENSG00000264592.2","RN7SL131P"
"ENSG00000054118.13","THRAP3"
"ENSG00000231849.1","UBE2V2P4"
"ENSG00000214193.10","SH3D21"
"ENSG00000142694.6","EVA1B"
"ENSG00000116883.8","RP11-268J15.5"
"ENSG00000196182.10","STK40"
"ENSG00000181817.5","LSM10"
"ENSG00000222821.1","RNU4-27P"
"ENSG00000116885.18","OSCP1"
"ENSG00000201448.1","SNORA63"
"ENSG00000116898.11","MRPS15"
"ENSG00000119535.17","CSF3R"
"ENSG00000230214.1","FTLP18"
"ENSG00000234481.1","RP4-614N24.1"
"ENSG00000163873.9","GRIK3"
"ENSG00000264698.1","MIR4255"
"ENSG00000207328.1","RNU6-636P"
"ENSG00000223944.1","RP5-1180C18.1"
"ENSG00000252368.1","RNA5SP43"
"ENSG00000230451.2","RPS29P6"
"ENSG00000233621.1","LINC01137"
"ENSG00000163874.10","ZC3H12A"
"ENSG00000283724.1","MIR6732"
"ENSG00000163875.15","MEAF6"
"ENSG00000263675.1","MIR5581"
"ENSG00000163877.10","SNIP1"
"ENSG00000232273.1","FTH1P1"
"ENSG00000237749.4","RP3-423B22.5"
"ENSG00000163879.10","DNALI1"
"ENSG00000134697.12","GNL2"
"ENSG00000169218.13","RSPO1"
"ENSG00000116922.14","C1orf109"
"ENSG00000134690.10","CDCA8"
"ENSG00000183317.16","EPHA10"
"ENSG00000200421.1","Y_RNA"
"ENSG00000214141.4","ACTN4P2"
"ENSG00000227416.2","RP11-109P14.2"
"ENSG00000185090.14","MANEAL"
"ENSG00000196449.3","YRDC"
"ENSG00000197982.13","C1orf122"
"ENSG00000188786.9","MTF1"
"ENSG00000235673.1","RP11-109P14.8"
"ENSG00000204084.12","INPP5B"
"ENSG00000252448.1","SNORA63"
"ENSG00000222282.1","RNU6-584P"
"ENSG00000277168.1","Metazoa_SRP"
"ENSG00000183431.11","SF3A3"
"ENSG00000212541.1","RNU6-510P"
"ENSG00000183386.9","FHL3"
"ENSG00000183520.11","UTP11"
"ENSG00000185668.7","POU3F1"
"ENSG00000224592.5","RP5-884C9.2"
"ENSG00000223589.2","RP5-884C9.3"
"ENSG00000265596.1","MIR3659"
"ENSG00000237290.1","LINC01343"
"ENSG00000275350.1","RP11-329N22.2"
"ENSG00000200796.1","RNU6-753P"
"ENSG00000238063.2","LINC01685"
"ENSG00000215895.4","RP11-334L9.1"
"ENSG00000116954.7","RRAGC"
"ENSG00000228436.2","RP5-864K19.4"
"ENSG00000214114.8","MYCBP"
"ENSG00000131233.9","GJA9"
"ENSG00000158315.10","RHBDL2"
"ENSG00000199963.1","RNU6-605P"
"ENSG00000207466.1","Y_RNA"
"ENSG00000235549.1","EIF1P2"
"ENSG00000174574.15","AKIRIN1"
"ENSG00000168653.10","NDUFS5"
"ENSG00000127603.23","MACF1"
"ENSG00000206654.1","RNU6-608P"
"ENSG00000222378.1","RNA5SP44"
"ENSG00000270040.1","RP11-416A14.1"
"ENSG00000226438.1","RP11-420K8.1"
"ENSG00000217897.2","HSPE1P8"
"ENSG00000183682.7","BMP8A"
"ENSG00000237624.1","OXCT2P1"
"ENSG00000182109.7","RP11-69E11.4"
"ENSG00000243970.1","PPIEL"
"ENSG00000090621.13","PABPC4"
"ENSG00000201457.1","SNORA55"
"ENSG00000228060.1","RP11-69E11.8"
"ENSG00000163909.7","HEYL"
"ENSG00000225903.1","RP1-144F13.3"
"ENSG00000116981.3","NT5C1A"
"ENSG00000116983.12","HPCAL4"
"ENSG00000084072.16","PPIE"
"ENSG00000225333.6","RP1-144F13.4"
"ENSG00000252413.1","RNU7-121P"
"ENSG00000116985.11","BMP8B"
"ENSG00000198754.5","OXCT2"
"ENSG00000261798.1","RP1-118J21.25"
"ENSG00000229213.1","RP1-118J21.24"
"ENSG00000043514.15","TRIT1"
"ENSG00000202222.1","Y_RNA"
"ENSG00000116990.10","MYCL"
"ENSG00000236546.1","RP1-118J21.5"
"ENSG00000207356.1","Y_RNA"
"ENSG00000168389.17","MFSD2A"
"ENSG00000228477.1","RP3-342P20.2"
"ENSG00000131236.16","CAP1"
"ENSG00000131238.16","PPT1"
"ENSG00000226745.2","RP11-115D7.3"
"ENSG00000117000.8","RLF"
"ENSG00000207508.1","RNU6-1237P"
"ENSG00000188800.5","TMCO2"
"ENSG00000259943.1","RP1-39G22.7"
"ENSG00000084073.8","ZMPSTE24"
"ENSG00000231296.1","RP1-39G22.4"
"ENSG00000049089.13","COL9A2"
"ENSG00000227311.3","RP1-228H13.1"
"ENSG00000084070.11","SMAP2"
"ENSG00000213172.3","RP1-228H13.2"
"ENSG00000187801.14","ZFP69B"
"ENSG00000260920.2","RP1-228H13.5"
"ENSG00000279667.1","RP11-656D10.7"
"ENSG00000187815.9","ZFP69"
"ENSG00000238287.1","RP11-656D10.3"
"ENSG00000164002.11","EXO5"
"ENSG00000227278.1","RP11-656D10.5"
"ENSG00000238186.1","RP11-656D10.6"
"ENSG00000117010.15","ZNF684"
"ENSG00000236505.1","RP1-63P18.2"
"ENSG00000233910.1","GTF2F2P2"
"ENSG00000117016.9","RIMS3"
"ENSG00000237899.1","RP4-739H11.3"
"ENSG00000272145.1","NFYC-AS1"
"ENSG00000066136.20","NFYC"
"ENSG00000198974.3","MIR30E"
"ENSG00000207962.1","MIR30C1"
"ENSG00000117013.14","KCNQ4"
"ENSG00000264582.2","RN7SL326P"
"ENSG00000179862.6","CITED4"
"ENSG00000229528.1","RP5-1066H13.4"
"ENSG00000228940.1","RP11-348A7.1"
"ENSG00000233118.2","UBE2V1P8"
"ENSG00000171793.13","CTPS1"
"ENSG00000281207.1","SLFNL1-AS1"
"ENSG00000171790.15","SLFNL1"
"ENSG00000010803.16","SCMH1"
"ENSG00000215893.3","RPL23AP17"
"ENSG00000235358.1","RP11-399E6.1"
"ENSG00000213987.4","RP11-399E6.2"
"ENSG00000204060.6","FOXO6"
"ENSG00000229901.1","RP11-399E6.4"
"ENSG00000252563.1","RNA5SP45"
"ENSG00000127129.9","EDN2"
"ENSG00000127124.14","HIVEP3"
"ENSG00000230881.1","RP11-486B10.3"
"ENSG00000230638.4","RP11-486B10.4"
"ENSG00000227538.1","HNRNPFP1"
"ENSG00000228776.2","RP11-319C21.1"
"ENSG00000044012.3","GUCA2B"
"ENSG00000197273.3","GUCA2A"
"ENSG00000198815.8","FOXJ3"
"ENSG00000227527.2","RP11-223A3.1"
"ENSG00000177181.14","RIMKLA"
"ENSG00000235002.1","RP11-157D18.2"
"ENSG00000066185.12","ZMYND12"
"ENSG00000127125.8","PPCS"
"ENSG00000186409.14","CCDC30"
"ENSG00000230116.1","RP11-163G10.2"
"ENSG00000236876.3","TMSB4XP1"
"ENSG00000200254.1","RNU6-536P"
"ENSG00000236180.2","RP11-163G10.4"
"ENSG00000171960.10","PPIH"
"ENSG00000234917.2","RP5-994D16.3"
"ENSG00000065978.18","YBX1"
"ENSG00000164007.10","CLDN19"
"ENSG00000117385.15","P3H1"
"ENSG00000164008.14","C1orf50"
"ENSG00000228452.1","RP5-994D16.9"
"ENSG00000274386.5","TMEM269"
"ENSG00000177868.11","SVBP"
"ENSG00000164010.13","ERMAP"
"ENSG00000228192.7","RP11-342M1.3"
"ENSG00000164011.17","ZNF691"
"ENSG00000233708.1","RP11-342M1.7"
"ENSG00000237090.1","RP11-342M1.6"
"ENSG00000225099.1","ATP6V1E1P1"
"ENSG00000117394.20","SLC2A1"
"ENSG00000284138.1","RP5-848E13.5"
"ENSG00000227533.5","SLC2A1-AS1"
"ENSG00000283973.1","RP5-848E13.4"
"ENSG00000207256.1","RNU6-880P"
"ENSG00000283136.1","U6"
"ENSG00000277513.1","RP3-393B19.1"
"ENSG00000186973.10","FAM183A"
"ENSG00000117395.12","EBNA1BP2"
"ENSG00000243710.7","CFAP57"
"ENSG00000199240.1","RNA5SP46"
"ENSG00000179178.10","TMEM125"
"ENSG00000253313.5","C1orf210"
"ENSG00000066056.13","TIE1"
"ENSG00000117400.16","MPL"
"ENSG00000234694.1","RP1-92O14.3"
"ENSG00000117399.13","CDC20"
"ENSG00000066322.14","ELOVL1"
"ENSG00000159479.16","MED8"
"ENSG00000229431.1","RP1-92O14.6"
"ENSG00000198198.15","SZT2"
"ENSG00000229372.1","SZT2-AS1"
"ENSG00000229348.1","HYI-AS1"
"ENSG00000142949.16","PTPRF"
"ENSG00000066135.12","KDM4A"
"ENSG00000236200.5","KDM4A-AS1"
"ENSG00000126091.19","ST3GAL3"
"ENSG00000229444.1","RP11-184I16.4"
"ENSG00000283414.1","U6"
"ENSG00000233674.2","RP11-184I16.3"
"ENSG00000283477.1","MIR6079"
"ENSG00000224751.2","SHMT1P1"
"ENSG00000117407.16","ARTN"
"ENSG00000237950.1","RP11-7O11.3"
"ENSG00000117408.10","IPO13"
"ENSG00000132768.13","DPH2"
"ENSG00000117410.13","ATP6V0B"
"ENSG00000117411.16","B4GALT2"
"ENSG00000159214.12","CCDC24"
"ENSG00000196517.11","SLC6A9"
"ENSG00000230615.6","RP5-1198O20.4"
"ENSG00000227163.2","RP5-1198O20.5"
"ENSG00000271647.1","KRT8P47"
"ENSG00000239560.3","RN7SL479P"
"ENSG00000171872.4","KLF17"
"ENSG00000233514.1","RP11-570P14.1"
"ENSG00000283039.1","KLF18"
"ENSG00000226804.4","RP4-675G8.3"
"ENSG00000200171.1","Y_RNA"
"ENSG00000238037.1","OOSP1P1"
"ENSG00000227994.1","RP5-891H21.1"
"ENSG00000271329.1","RP5-891H21.5"
"ENSG00000178028.13","DMAP1"
"ENSG00000117419.14","ERI3"
"ENSG00000233602.1","ERI3-IT1"
"ENSG00000199385.1","RNU6-369P"
"ENSG00000187147.17","RNF220"
"ENSG00000263381.1","MIR5584"
"ENSG00000126106.13","TMEM53"
"ENSG00000198520.10","C1orf228"
"ENSG00000199377.1","RNU5F-1"
"ENSG00000200169.1","RNU5D-1"
"ENSG00000142945.12","KIF2C"
"ENSG00000225721.5","RP11-269F19.2"
"ENSG00000142937.11","RPS8"
"ENSG00000200913.1","SNORD46"
"ENSG00000202031.1","SNORD38A"
"ENSG00000234093.3","RPS15AP11"
"ENSG00000142959.4","BEST4"
"ENSG00000173846.12","PLK3"
"ENSG00000188396.3","TCTEX1D4"
"ENSG00000222009.8","BTBD19"
"ENSG00000117425.13","PTCH2"
"ENSG00000226499.1","RP5-882O7.1"
"ENSG00000070785.16","EIF2B3"
"ENSG00000253039.1","RNA5SP47"
"ENSG00000229815.1","CCNB1IP1P1"
"ENSG00000232369.1","RP5-882O7.4"
"ENSG00000268949.1","MRPS17P1"
"ENSG00000126107.14","HECTD3"
"ENSG00000126088.13","UROD"
"ENSG00000162415.6","ZSWIM5"
"ENSG00000234315.1","OSTCP5"
"ENSG00000281912.1","LINC01144"
"ENSG00000186603.5","HPDL"
"ENSG00000132781.17","MUTYH"
"ENSG00000132773.11","TOE1"
"ENSG00000070759.16","TESK2"
"ENSG00000236872.1","RP11-291L19.1"
"ENSG00000280670.2","CCDC163"
"ENSG00000132763.14","MMACHC"
"ENSG00000117450.13","PRDX1"
"ENSG00000234379.1","HMGB1P48"
"ENSG00000117448.13","AKR1A1"
"ENSG00000281133.1","AL355480.3"
"ENSG00000280836.1","AL355480.1"
"ENSG00000132780.16","NASP"
"ENSG00000281112.1","AL355480.2"
"ENSG00000281825.1","AL355480.4"
"ENSG00000159588.14","CCDC17"
"ENSG00000159592.10","GPBP1L1"
"ENSG00000225447.1","RPS15AP10"
"ENSG00000234329.1","RP11-767N6.2"
"ENSG00000159596.6","TMEM69"
"ENSG00000197429.10","IPP"
"ENSG00000230896.1","RP11-767N6.7"
"ENSG00000236111.5","RP11-630I5.1"
"ENSG00000086015.20","MAST2"
"ENSG00000232467.2","TMA16P2"
"ENSG00000117461.14","PIK3R3"
"ENSG00000226957.1","RP4-533D7.4"
"ENSG00000233114.2","RP4-533D7.3"
"ENSG00000227857.2","RP4-533D7.5"
"ENSG00000117472.9","TSPAN1"
"ENSG00000250719.1","RP11-322N21.2"
"ENSG00000085998.13","POMGNT1"
"ENSG00000171357.5","LURAP1"
"ENSG00000085999.11","RAD54L"
"ENSG00000132128.16","LRRC41"
"ENSG00000173660.11","UQCRH"
"ENSG00000117481.10","NSUN4"
"ENSG00000225779.1","RP4-603I14.3"
"ENSG00000117480.15","FAAH"
"ENSG00000232022.7","FAAHP1"
"ENSG00000224863.2","LINC01398"
"ENSG00000197587.10","DMBX1"
"ENSG00000282881.1","RP11-49P4.7"
"ENSG00000269956.1","MKNK1-AS1"
"ENSG00000162456.9","KNCN"
"ENSG00000079277.19","MKNK1"
"ENSG00000142961.14","MOB3C"
"ENSG00000123472.12","ATPAF1"
"ENSG00000233647.2","NENFP1"
"ENSG00000186118.8","TEX38"
"ENSG00000228237.5","EFCAB14-AS1"
"ENSG00000159658.10","EFCAB14"
"ENSG00000236476.2","RP11-8J9.5"
"ENSG00000142973.13","CYP4B1"
"ENSG00000154198.14","CYP4Z2P"
"ENSG00000238145.2","RP11-346M5.1"
"ENSG00000187048.12","CYP4A11"
"ENSG00000259832.1","CYP4A26P"
"ENSG00000261196.1","CYP4A43P"
"ENSG00000261593.1","CYP4A27P"
"ENSG00000261290.1","CYP4A44P"
"ENSG00000186377.7","CYP4X1"
"ENSG00000186160.4","CYP4Z1"
"ENSG00000225154.2","RP11-184J23.2"
"ENSG00000225506.2","CYP4A22-AS1"
"ENSG00000162365.11","CYP4A22"
"ENSG00000225514.1","MTND1P34"
"ENSG00000224805.2","LINC00853"
"ENSG00000162366.7","PDZK1IP1"
"ENSG00000162367.11","TAL1"
"ENSG00000226252.1","RP1-18D14.7"
"ENSG00000123473.15","STIL"
"ENSG00000162368.13","CMPK1"
"ENSG00000225762.1","LINC01389"
"ENSG00000186790.5","FOXE3"
"ENSG00000237424.1","FOXD2-AS1"
"ENSG00000186564.5","FOXD2"
"ENSG00000271355.1","RP4-666O22.3"
"ENSG00000229554.2","RPL21P24"
"ENSG00000227883.1","ATP6V0E1P4"
"ENSG00000227947.1","LINC01738"
"ENSG00000269113.3","TRABD2B"
"ENSG00000225028.1","RP11-330M19.1"
"ENSG00000226133.6","RP4-683M8.2"
"ENSG00000231413.1","RP11-193P11.3"
"ENSG00000237180.1","CYP46A4P"
"ENSG00000242267.6","SKINT1L"
"ENSG00000279096.2","RP5-1024N4.6"
"ENSG00000223720.2","RP5-1024N4.2"
"ENSG00000117834.12","SLC5A9"
"ENSG00000272491.1","RP5-1024N4.4"
"ENSG00000279214.1","RP5-1024N4.5"
"ENSG00000132122.11","SPATA6"
"ENSG00000224986.2","PPP1R8P1"
"ENSG00000206700.1","RNU6-723P"
"ENSG00000235105.1","RP11-329A14.1"
"ENSG00000223175.1","RNU4-61P"
"ENSG00000232514.1","RP11-329A14.2"
"ENSG00000186094.16","AGBL4"
"ENSG00000162373.12","BEND5"
"ENSG00000229846.1","RP11-141A19.1"
"ENSG00000230114.1","RP11-141A19.2"
"ENSG00000225623.1","AGBL4-IT1"
"ENSG00000237478.2","RP5-926E3.1"
"ENSG00000215887.5","ZNF859P"
"ENSG00000279324.1","RP11-93G23.2"
"ENSG00000233595.2","MTND2P29"
"ENSG00000162374.16","ELAVL4"
"ENSG00000230828.1","RP11-492I2.1"
"ENSG00000237337.1","RP11-567C20.2"
"ENSG00000233407.1","RP11-567C20.3"
"ENSG00000234080.3","RP11-183G22.1"
"ENSG00000229316.1","HMGB1P45"
"ENSG00000225671.2","FCF1P6"
"ENSG00000142700.11","DMRTA2"
"ENSG00000185104.19","FAF1"
"ENSG00000225767.1","RP5-850O15.3"
"ENSG00000207194.1","RNU6-1026P"
"ENSG00000230585.2","PHBP12"
"ENSG00000237130.1","MRPS6P2"
"ENSG00000123080.10","CDKN2C"
"ENSG00000265538.1","MIR4421"
"ENSG00000275816.1","MIR6500"
"ENSG00000204006.8","C1orf185"
"ENSG00000200262.1","Y_RNA"
"ENSG00000213478.2","CFL1P2"
"ENSG00000203356.2","LINC01562"
"ENSG00000123091.4","RNF11"
"ENSG00000233406.5","RP11-296A18.5"
"ENSG00000236434.2","RP11-296A18.6"
"ENSG00000085831.15","TTC39A"
"ENSG00000261664.5","TTC39A-AS1"
"ENSG00000085832.16","EPS15"
"ENSG00000232027.2","RP11-275F13.3"
"ENSG00000206595.1","RNU6-877P"
"ENSG00000238140.1","RP11-253A20.1"
"ENSG00000227070.1","RP11-191G24.1"
"ENSG00000252032.1","RNU6-1281P"
"ENSG00000227742.1","CALR4P"
"ENSG00000117859.18","OSBPL9"
"ENSG00000236973.2","GAPDHP51"
"ENSG00000232846.1","SLC25A6P3"
"ENSG00000212624.1","SNORA26"
"ENSG00000078618.21","NRDC"
"ENSG00000266993.3","RP4-657D16.3"
"ENSG00000272175.1","RP4-657D16.6"
"ENSG00000283899.1","MIR761"
"ENSG00000230604.2","TSEN15P2"
"ENSG00000169213.6","RAB3B"
"ENSG00000200839.1","RNA5SP48"
"ENSG00000229032.1","RP11-91A18.1"
"ENSG00000264613.2","RN7SL290P"
"ENSG00000117862.11","TXNDC12"
"ENSG00000198841.3","KTI12"
"ENSG00000223390.1","RP11-91A18.4"
"ENSG00000228369.2","TXNDC12-AS1"
"ENSG00000134717.17","BTF3L4"
"ENSG00000157077.14","ZFYVE9"
"ENSG00000241745.3","RN7SL788P"
"ENSG00000228407.2","RP4-800M22.1"
"ENSG00000223429.1","RP4-800M22.2"
"ENSG00000224255.2","PDCL3P6"
"ENSG00000236004.2","RP4-800M22.4"
"ENSG00000237663.2","DNAJC19P7"
"ENSG00000213735.2","ANAPC10P1"
"ENSG00000154222.14","CC2D1B"
"ENSG00000272100.1","RP11-155O18.6"
"ENSG00000224680.4","PLA2G12AP1"
"ENSG00000085840.12","ORC1"
"ENSG00000134748.12","PRPF38A"
"ENSG00000134744.13","ZCCHC11"
"ENSG00000272371.1","RP11-25O10.2"
"ENSG00000236290.1","EEF1GP7"
"ENSG00000116157.5","GPX7"
"ENSG00000182183.14","FAM159A"
"ENSG00000162377.5","COA7"
"ENSG00000233664.1","NDUFS5P3"
"ENSG00000239640.3","RN7SL62P"
"ENSG00000162378.12","ZYG11B"
"ENSG00000252018.1","RNU2-30P"
"ENSG00000228929.1","RPS13P2"
"ENSG00000206627.1","RNU6-969P"
"ENSG00000203995.9","ZYG11A"
"ENSG00000242391.2","RP4-631H13.2"
"ENSG00000121310.16","ECHDC2"
"ENSG00000230953.2","RP4-631H13.6"
"ENSG00000231866.2","RP4-631H13.4"
"ENSG00000116171.17","SCP2"
"ENSG00000264834.1","MIR1273F"
"ENSG00000266188.1","MIR5095"
"ENSG00000265815.1","MIR1273G"
"ENSG00000237279.2","RP4-631H13.5"
"ENSG00000236360.2","RP11-334A14.2"
"ENSG00000226147.1","TUBBP10"
"ENSG00000174348.13","PODN"
"ENSG00000162383.11","SLC1A7"
"ENSG00000235563.1","RP11-334A14.8"
"ENSG00000277397.1","RP5-1024G6.9"
"ENSG00000157184.6","CPT2"
"ENSG00000236723.2","RP5-1024G6.2"
"ENSG00000162384.13","C1orf123"
"ENSG00000259818.1","RP5-1024G6.7"
"ENSG00000162385.10","MAGOH"
"ENSG00000226754.1","RP5-1024G6.5"
"ENSG00000157193.15","LRP8"
"ENSG00000234578.1","RP4-784A16.1"
"ENSG00000228838.1","RP4-784A16.2"
"ENSG00000225030.1","RP4-784A16.3"
"ENSG00000232762.1","RP4-784A16.4"
"ENSG00000225675.2","LINC01771"
"ENSG00000226938.1","RP11-117D22.1"
"ENSG00000230138.1","RP11-117D22.2"
"ENSG00000236253.7","SLC25A3P1"
"ENSG00000143006.7","DMRTB1"
"ENSG00000174332.5","GLIS1"
"ENSG00000239007.1","RNU7-95P"
"ENSG00000058804.11","NDC1"
"ENSG00000201003.1","SNORA58"
"ENSG00000229687.2","RP4-654H19.2"
"ENSG00000058799.14","YIPF1"
"ENSG00000211452.10","DIO1"
"ENSG00000081870.11","HSPB11"
"ENSG00000116212.14","LRRC42"
"ENSG00000219102.3","HNRNPA3P12"
"ENSG00000203985.10","LDLRAD1"
"ENSG00000116209.11","TMEM59"
"ENSG00000280378.1","RP4-758J24.6"
"ENSG00000116205.12","TCEANC2"
"ENSG00000283749.1","MIR4781"
"ENSG00000225183.1","RP4-758J24.4"
"ENSG00000157211.11","CDCP2"
"ENSG00000280425.2","RP11-446E24.3"
"ENSG00000215883.10","CYB5RL"
"ENSG00000116221.15","MRPL37"
"ENSG00000157216.15","SSBP3"
"ENSG00000198711.5","SSBP3-AS1"
"ENSG00000225632.1","RP5-997D24.3"
"ENSG00000232245.1","RP4-705F19.1"
"ENSG00000235741.1","RP5-866L20.1"
"ENSG00000237173.1","RP5-866L20.2"
"ENSG00000227453.1","HNRNPA1P63"
"ENSG00000162390.17","ACOT11"
"ENSG00000162391.11","FAM151A"
"ENSG00000230728.1","RP11-240D10.4"
"ENSG00000184313.19","MROH7"
"ENSG00000243725.6","TTC4"
"ENSG00000162396.5","PARS2"
"ENSG00000006555.10","TTC22"
"ENSG00000237453.1","RP11-67L3.2"
"ENSG00000162398.11","LEXM"
"ENSG00000116133.11","DHCR24"
"ENSG00000242396.1","RP11-67L3.5"
"ENSG00000233203.6","RP11-67L3.4"
"ENSG00000143001.4","TMEM61"
"ENSG00000162399.6","BSND"
"ENSG00000169174.10","PCSK9"
"ENSG00000162402.13","USP24"
"ENSG00000231090.1","RP11-101C11.1"
"ENSG00000231095.1","GYG1P3"
"ENSG00000265822.1","MIR4422"
"ENSG00000231900.3","GOT2P1"
"ENSG00000232198.2","MTCO2P34"
"ENSG00000199831.1","RN7SKP291"
"ENSG00000252162.1","RNU6-830P"
"ENSG00000272051.1","Y_RNA"
"ENSG00000234810.2","RP11-90C4.1"
"ENSG00000230250.2","LINC01753"
"ENSG00000227104.3","PIGQP1"
"ENSG00000233079.1","LINC01755"
"ENSG00000235612.1","RP1-158P9.1"
"ENSG00000229871.1","RPSAP20"
"ENSG00000260971.3","RP11-504A18.1"
"ENSG00000223956.2","LINC01767"
"ENSG00000162407.8","PLPP3"
"ENSG00000236776.1","RPL21P23"
"ENSG00000224980.1","RPL23AP85"
"ENSG00000225475.1","RP11-377K22.2"
"ENSG00000162409.10","PRKAA2"
"ENSG00000187889.12","C1orf168"
"ENSG00000229913.1","RP11-378I13.1"
"ENSG00000157131.10","C8A"
"ENSG00000021852.12","C8B"
"ENSG00000236341.1","RP5-1103B4.3"
"ENSG00000173406.15","DAB1"
"ENSG00000227935.1","RP6-102O10.1"
"ENSG00000236888.1","RPS20P5"
"ENSG00000226759.7","DAB1-AS1"
"ENSG00000229887.4","HNRNPA1P6"
"ENSG00000223416.3","RPS26P15"
"ENSG00000235038.1","RP11-393I23.4"
"ENSG00000230546.1","RP11-393I23.3"
"ENSG00000233216.1","RP11-414C16.1"
"ENSG00000162600.11","OMA1"
"ENSG00000270209.1","RP4-592A1.4"
"ENSG00000264128.2","RN7SL713P"
"ENSG00000184292.6","TACSTD2"
"ENSG00000185839.3","RP4-592A1.2"
"ENSG00000162601.9","MYSM1"
"ENSG00000283445.1","RP11-63G10.4"
"ENSG00000177606.6","JUN"
"ENSG00000234807.5","LINC01135"
"ENSG00000272226.1","RP11-63G10.3"
"ENSG00000231740.1","RP11-63G10.2"
"ENSG00000232453.6","RP4-794H19.1"
"ENSG00000237352.3","LINC01358"
"ENSG00000228121.1","PHBP3"
"ENSG00000241042.1","RP11-145M4.1"
"ENSG00000235215.2","RP11-145M4.2"
"ENSG00000224609.6","HSD52"
"ENSG00000270457.1","RP11-467C18.1"
"ENSG00000172456.17","FGGY"
"ENSG00000266150.1","MIR4711"
"ENSG00000226883.1","RP4-782L23.2"
"ENSG00000134709.10","HOOK1"
"ENSG00000134716.9","CYP2J2"
"ENSG00000265535.2","RN7SL475P"
"ENSG00000162598.13","C1orf87"
"ENSG00000229332.2","PGBD4P8"
"ENSG00000238242.1","RP11-575B7.3"
"ENSG00000226476.3","LINC01748"
"ENSG00000231252.2","RP11-436K8.1"
"ENSG00000162599.15","NFIA"
"ENSG00000237928.5","NFIA-AS2"
"ENSG00000270742.1","RP4-802A10.1"
"ENSG00000237853.6","NFIA-AS1"
"ENSG00000223920.2","RP11-430G17.1"
"ENSG00000162604.12","TM2D1"
"ENSG00000271200.1","RP11-430G17.3"
"ENSG00000132849.19","PATJ"
"ENSG00000200575.1","RNU6-414P"
"ENSG00000212360.1","RNU6-1177P"
"ENSG00000236646.1","LAMTOR5P1"
"ENSG00000242860.3","RN7SL180P"
"ENSG00000263908.1","MIR3116-1"
"ENSG00000234204.1","PIGPP2"
"ENSG00000234088.1","RPS15AP7"
"ENSG00000240563.1","L1TD1"
"ENSG00000237227.1","RP5-1155K23.4"
"ENSG00000132854.18","KANK4"
"ENSG00000201153.1","RNU6-371P"
"ENSG00000162607.12","USP1"
"ENSG00000116641.17","DOCK7"
"ENSG00000270549.1","RP11-293K19.1"
"ENSG00000132855.4","ANGPTL3"
"ENSG00000278967.1","RP5-849H19.3"
"ENSG00000213703.2","RP5-849H19.2"
"ENSG00000235545.1","RP11-230B22.1"
"ENSG00000125703.14","ATG4C"
"ENSG00000234318.1","RP4-771M4.3"
"ENSG00000237163.1","RP4-771M4.2"
"ENSG00000229537.5","LINC01739"
"ENSG00000227485.1","RP11-5P4.2"
"ENSG00000229225.1","RP11-5P4.3"
"ENSG00000203605.3","RP11-335E6.2"
"ENSG00000224209.7","LINC00466"
"ENSG00000252259.1","RNA5SP49"
"ENSG00000228734.2","RP11-335E6.3"
"ENSG00000223683.1","RPSAP65"
"ENSG00000230798.5","FOXD3-AS1"
"ENSG00000187140.5","FOXD3"
"ENSG00000275836.1","MIR6068"
"ENSG00000252784.1","Y_RNA"
"ENSG00000236674.1","RP4-792G4.3"
"ENSG00000088035.15","ALG6"
"ENSG00000142856.16","ITGB3BP"
"ENSG00000203965.12","EFCAB7"
"ENSG00000264271.2","RN7SL488P"
"ENSG00000251720.1","RNU7-123P"
"ENSG00000116652.6","DLEU2L"
"ENSG00000079739.15","PGM1"
"ENSG00000244256.3","RN7SL130P"
"ENSG00000185483.11","ROR1"
"ENSG00000177452.7","RP4-597J3.1"
"ENSG00000228056.3","CFL1P3"
"ENSG00000207190.1","RNU6-809P"
"ENSG00000200508.1","Y_RNA"
"ENSG00000223949.6","ROR1-AS1"
"ENSG00000177414.13","UBE2U"
"ENSG00000238653.1","RNU7-62P"
"ENSG00000158966.13","CACHD1"
"ENSG00000264470.1","MIR4794"
"ENSG00000162437.14","RAVER2"
"ENSG00000162434.11","JAK1"
"ENSG00000234784.2","RP11-182I10.1"
"ENSG00000233877.2","RP11-182I10.2"
"ENSG00000226891.7","LINC01359"
"ENSG00000185031.6","SLC2A3P2"
"ENSG00000272506.1","RP4-535B20.4"
"ENSG00000212257.1","RNU6-1176P"
"ENSG00000265996.1","MIR3671"
"ENSG00000199135.1","MIR101-1"
"ENSG00000231485.1","RP4-535B20.1"
"ENSG00000235804.2","RP4-535B20.2"
"ENSG00000234496.2","MRPS21P1"
"ENSG00000162433.14","AK4"
"ENSG00000231622.1","RPS29P7"
"ENSG00000116675.15","DNAJC6"
"ENSG00000229294.1","RP5-1044H5.1"
"ENSG00000234144.1","COX6CP13"
"ENSG00000222624.1","RNU2-15P"
"ENSG00000213625.8","LEPROT"
"ENSG00000237852.1","RP4-630A11.3"
"ENSG00000116678.19","LEPR"
"ENSG00000224570.1","RP11-430H12.2"
"ENSG00000239319.3","RN7SL854P"
"ENSG00000184588.17","PDE4B"
"ENSG00000227466.1","RP11-397C12.1"
"ENSG00000223152.1","RNU4-88P"
"ENSG00000118473.21","SGIP1"
"ENSG00000264720.3","MIR3117"
"ENSG00000248458.2","RP4-598P13.1"
"ENSG00000152760.9","TCTEX1D1"
"ENSG00000172410.4","INSL5"
"ENSG00000152763.16","WDR78"
"ENSG00000231080.1","RP11-342H21.2"
"ENSG00000198160.14","MIER1"
"ENSG00000116704.7","SLC35D1"
"ENSG00000203963.11","C1orf141"
"ENSG00000252433.1","SNORA31"
"ENSG00000275678.1","RP4-547N15.3"
"ENSG00000162594.15","IL23R"
"ENSG00000253074.1","RNU6-586P"
"ENSG00000252116.1","RNU4ATAC4P"
"ENSG00000228523.1","RP11-131O15.2"
"ENSG00000081985.10","IL12RB2"
"ENSG00000142864.14","SERBP1"
"ENSG00000223263.1","RNU6-387P"
"ENSG00000235200.2","LINC01702"
"ENSG00000207504.1","RNU6-1031P"
"ENSG00000238139.2","RP11-393N21.1"
"ENSG00000242482.3","RN7SL392P"
"ENSG00000232048.2","HNRNPCP9"
"ENSG00000116717.11","GADD45A"
"ENSG00000172380.5","GNG12"
"ENSG00000238778.1","RNU7-80P"
"ENSG00000232284.7","GNG12-AS1"
"ENSG00000235055.3","RP4-609E1.2"
"ENSG00000162595.5","DIRAS3"
"ENSG00000228431.1","ARL5AP3"
"ENSG00000116729.13","WLS"
"ENSG00000234383.1","CTBP2P8"
"ENSG00000221203.1","MIR1262"
"ENSG00000229133.1","RPS7P4"
"ENSG00000225242.2","COX6B1P7"
"ENSG00000237622.1","ELOCP18"
"ENSG00000229440.1","RP5-1033K19.2"
"ENSG00000116745.6","RPE65"
"ENSG00000024526.16","DEPDC1"
"ENSG00000233589.1","RP4-694A7.2"
"ENSG00000234264.1","DEPDC1-AS1"
"ENSG00000225167.1","TXNP2"
"ENSG00000223883.1","LINC01707"
"ENSG00000235446.1","RP11-74K19.1"
"ENSG00000229639.1","LINC01758"
"ENSG00000033122.18","LRRC7"
"ENSG00000270615.1","SGO1P1"
"ENSG00000240692.3","RN7SL538P"
"ENSG00000229359.2","PIN1P1"
"ENSG00000237919.5","RP11-181B18.1"
"ENSG00000066557.5","LRRC40"
"ENSG00000244389.3","RN7SL242P"
"ENSG00000116754.13","SRSF11"
"ENSG00000228988.1","RP4-677H15.4"
"ENSG00000118454.12","ANKRD13C"
"ENSG00000197568.13","HHLA3"
"ENSG00000226088.1","RP11-180O5.2"
"ENSG00000116761.11","CTH"
"ENSG00000278636.1","Metazoa_SRP"
"ENSG00000271992.1","RP11-42O15.3"
"ENSG00000233020.1","RP11-42O15.2"
"ENSG00000237033.2","CASP3P1"
"ENSG00000229051.1","LINC01788"
"ENSG00000226208.1","RP11-99H8.1"
"ENSG00000050628.20","PTGER3"
"ENSG00000235782.1","RP3-333A15.1"
"ENSG00000269933.1","RP3-333A15.2"
"ENSG00000235079.1","ZRANB2-AS1"
"ENSG00000132485.13","ZRANB2"
"ENSG00000207721.1","MIR186"
"ENSG00000229956.10","ZRANB2-AS2"
"ENSG00000226324.1","RP11-115M14.1"
"ENSG00000172260.14","NEGR1"
"ENSG00000231985.1","RP11-82L20.1"
"ENSG00000271618.1","RP11-175G14.2"
"ENSG00000228853.1","NEGR1-IT1"
"ENSG00000233994.2","GDI2P2"
"ENSG00000227207.2","RPL31P12"
"ENSG00000212366.1","RNU6-1246P"
"ENSG00000225087.1","RP4-660H19.1"
"ENSG00000227016.3","RP11-262K1.1"
"ENSG00000280317.1","RP11-25L19.1"
"ENSG00000229636.2","KRT8P21"
"ENSG00000251825.1","RN7SKP19"
"ENSG00000233973.6","LINC01360"
"ENSG00000223479.3","RP4-788P17.1"
"ENSG00000200601.1","RNA5SP50"
"ENSG00000252005.2","RNU4ATAC8P"
"ENSG00000162620.15","LRRIQ3"
"ENSG00000254685.6","FPGT"
"ENSG00000116783.14","TNNI3K"
"ENSG00000237324.3","RP11-439H8.4"
"ENSG00000233894.1","RP4-650F12.2"
"ENSG00000162621.6","LRRC53"
"ENSG00000178965.13","ERICH3"
"ENSG00000234497.5","ERICH3-AS1"
"ENSG00000272864.1","RP11-17E13.2"
"ENSG00000116791.13","CRYZ"
"ENSG00000162623.15","TYW3"
"ENSG00000229943.1","RP11-93N20.1"
"ENSG00000261213.1","RP11-510C10.4"
"ENSG00000224127.1","RP11-510C10.2"
"ENSG00000162624.14","LHX8"
"ENSG00000224149.1","RP11-510C10.3"
"ENSG00000206999.1","RNU6-622P"
"ENSG00000137968.16","SLC44A5"
"ENSG00000224493.1","RP11-87O11.1"
"ENSG00000252338.1","RNU6-503P"
"ENSG00000213579.3","RP4-595K12.1"
"ENSG00000230863.2","RP4-595K12.2"
"ENSG00000178193.5","RP4-682C21.5"
"ENSG00000117054.13","ACADM"
"ENSG00000181227.3","DLSTP1"
"ENSG00000137955.15","RABGGTB"
"ENSG00000057468.6","MSH4"
"ENSG00000154007.6","ASB17"
"ENSG00000225605.2","RP11-550H2.1"
"ENSG00000230027.1","RP11-550H2.2"
"ENSG00000184005.10","ST6GALNAC3"
"ENSG00000223905.1","RP11-335E14.1"
"ENSG00000272855.1","RP5-1102E8.3"
"ENSG00000226415.1","TPI1P1"
"ENSG00000199921.1","RNU6-161P"
"ENSG00000237552.1","RP11-415A20.1"
"ENSG00000117069.14","ST6GALNAC5"
"ENSG00000276081.1","MIR7156"
"ENSG00000230498.1","RP4-564M11.2"
"ENSG00000142892.14","PIGK"
"ENSG00000226084.5","RP4-706A16.3"
"ENSG00000228187.1","RP11-363H12.1"
"ENSG00000154027.18","AK5"
"ENSG00000233099.1","RP11-375A5.1"
"ENSG00000251767.1","RNU7-8P"
"ENSG00000036549.12","ZZZ3"
"ENSG00000251785.1","RNA5SP20"
"ENSG00000243437.3","RN7SL370P"
"ENSG00000077254.14","USP33"
"ENSG00000232672.1","ACTG1P21"
"ENSG00000180488.14","MIGA1"
"ENSG00000222849.1","RNA5SP21"
"ENSG00000219201.4","RP11-181C21.4"
"ENSG00000235613.2","NSRP1P1"
"ENSG00000232015.2","HSPE1P25"
"ENSG00000235927.4","NEXN-AS1"
"ENSG00000162614.18","NEXN"
"ENSG00000162613.16","FUBP1"
"ENSG00000162616.8","DNAJB4"
"ENSG00000273338.1","RP11-386I14.4"
"ENSG00000213561.4","RP11-386I14.2"
"ENSG00000137960.5","GIPC2"
"ENSG00000251958.1","RNU6-1102P"
"ENSG00000213560.4","RP11-386I14.3"
"ENSG00000202263.1","RNA5SP22"
"ENSG00000233333.2","RNFT1P2"
"ENSG00000237413.5","MGC27382"
"ENSG00000122420.9","PTGFR"
"ENSG00000227556.1","RP11-472F19.1"
"ENSG00000212308.1","RNA5SP23"
"ENSG00000137959.15","IFI44L"
"ENSG00000137965.10","IFI44"
"ENSG00000238015.2","RP4-641G12.3"
"ENSG00000235400.1","RP4-641G12.4"
"ENSG00000162618.13","ADGRL4"
"ENSG00000230787.1","PSAT1P3"
"ENSG00000282898.1","RP4-726F1.2"
"ENSG00000235011.2","RP4-726F1.1"
"ENSG00000232676.1","ADH5P2"
"ENSG00000235756.2","RP11-339A11.1"
"ENSG00000260322.1","RP11-339A11.2"
"ENSG00000277670.1","RP11-339A11.3"
"ENSG00000236407.1","HMGB1P18"
"ENSG00000225598.1","RP11-339D23.1"
"ENSG00000213559.4","HNRNPA1P64"
"ENSG00000227062.2","RP11-115A15.4"
"ENSG00000234108.1","RP11-115A15.2"
"ENSG00000224326.1","RP5-933B4.1"
"ENSG00000234184.5","LINC01781"
"ENSG00000227937.1","MTND2P30"
"ENSG00000229752.1","RPL7P10"
"ENSG00000235089.1","RP3-445O10.1"
"ENSG00000223026.1","RN7SKP247"
"ENSG00000117114.19","ADGRL2"
"ENSG00000224494.1","HNRNPA3P14"
"ENSG00000227288.3","RP5-837I24.1"
"ENSG00000227960.1","RP5-837I24.6"
"ENSG00000234953.2","RP5-837I24.2"
"ENSG00000242598.1","MED28P8"
"ENSG00000236676.1","RP5-837I24.4"
"ENSG00000234683.1","RP5-837I24.5"
"ENSG00000215875.4","ST13P20"
"ENSG00000233290.1","RP11-147G16.1"
"ENSG00000230817.5","LINC01362"
"ENSG00000236268.5","LINC01361"
"ENSG00000231364.2","LINC01712"
"ENSG00000233008.5","LINC01725"
"ENSG00000237076.1","RP5-836J3.1"
"ENSG00000137941.16","TTLL7"
"ENSG00000233061.1","TTLL7-IT1"
"ENSG00000229486.2","RP4-552O12.1"
"ENSG00000271576.1","RP11-486G15.2"
"ENSG00000142875.19","PRKACB"
"ENSG00000213540.3","RP11-486G15.1"
"ENSG00000226970.2","RP11-82H13.2"
"ENSG00000199959.1","SNORA2"
"ENSG00000203943.8","SAMD13"
"ENSG00000249237.5","RP11-376N17.4"
"ENSG00000240520.6","UOX"
"ENSG00000137976.7","DNASE2B"
"ENSG00000117133.10","RPF1"
"ENSG00000174021.10","GNG5"
"ENSG00000122432.17","SPATA1"
"ENSG00000117151.12","CTBS"
"ENSG00000180869.4","LINC01555"
"ENSG00000232622.1","RP11-484D4.3"
"ENSG00000117155.16","SSX2IP"
"ENSG00000171517.5","LPAR3"
"ENSG00000153898.12","MCOLN2"
"ENSG00000162643.12","WDR63"
"ENSG00000055732.12","MCOLN3"
"ENSG00000266110.1","MIR4423"
"ENSG00000280099.1","RP11-33E12.2"
"ENSG00000097096.8","SYDE2"
"ENSG00000162642.13","C1orf52"
"ENSG00000223254.1","Y_RNA"
"ENSG00000142867.12","BCL10"
"ENSG00000223653.5","RP11-131L23.1"
"ENSG00000153904.18","DDAH1"
"ENSG00000199459.1","Y_RNA"
"ENSG00000273264.1","RP11-131L23.2"
"ENSG00000282057.1","RP4-621F18.2"
"ENSG00000272691.1","RP11-290M5.4"
"ENSG00000142871.16","CYR61"
"ENSG00000199934.1","SNORD81"
"ENSG00000230285.1","RP11-290M5.2"
"ENSG00000117174.10","ZNHIT6"
"ENSG00000171502.14","COL24A1"
"ENSG00000201620.1","RNA5SP51"
"ENSG00000229505.1","RP4-682E18.1"
"ENSG00000122417.15","ODF2L"
"ENSG00000278281.1","MIR7856"
"ENSG00000231349.2","RP11-444C12.1"
"ENSG00000137975.7","CLCA2"
"ENSG00000016490.15","CLCA1"
"ENSG00000016602.9","CLCA4"
"ENSG00000224466.1","CDCA4P2"
"ENSG00000236915.1","RP4-651E10.4"
"ENSG00000153923.10","CLCA3P"
"ENSG00000261737.1","RP4-612B15.3"
